product,total_sales
Headphones,223148.22126069502
Laptop,148141.60822814092
Smartphone,203996.66868497376
Smartwatch,167520.65488155562
Tablet,173479.23918548142
