category,total_sales
Accessories,499924.5115815598
Electronics,416361.880659287
